{
 "GradCAM": {
  "0.1": 0.5313455149005648,
  "0.2": 0.6022396691121564,
  "0.3": 0.6442559347515526
 },
 "GradCAM++": {
  "0.1": 0.6242309175724666,
  "0.2": 0.6824320895910936,
  "0.3": 0.7287719421170922
 },
 "EigenCAM": {
  "0.1": 0.6611757372129887,
  "0.2": 0.7164860140725472,
  "0.3": 0.7535197789844643
 },
 "LayerCAM": {
  "0.1": 0.6286764919350694,
  "0.2": 0.6855831648297869,
  "0.3": 0.7309276712663791
 }
}