{
 "stability": {
  "GradCAM": 0.3920858721477024,
  "GradCAM++": 0.8081068968303032,
  "EigenCAM": 0.8278145210420963,
  "LayerCAM": 0.7934939321861925
 },
 "class_sensitivity": {
  "GradCAM": 0.9665876917720646,
  "GradCAM++": 0.02726550271512332,
  "EigenCAM": 4.966787215428332e-17,
  "LayerCAM": 0.019721553124423835
 },
 "corr": -0.9986815373218362
}