{"softmax|0": 0.19436555948354645, "softmax|1": 0.49255272431975194, "softmax|2": 0.30651042834209813, "softmax|3": 0.10668520448832974, "minmax|0": 0.7735863132831131, "minmax|1": 0.754038760871397, "minmax|2": 0.6240624228007328, "minmax|3": 0.4133471235646632}